Ad Group,Type,Text
Todos,Headline,Partes de obra en el móvil
Todos,Headline,Albarán firmado en obra
Todos,Headline,Deja de perder horas
Todos,Headline,Calcula tus horas sin cobrar
Todos,Headline,Funciona sin cobertura
Todos,Headline,Cierre de mes sin papeles
Todos,Headline,Para constructoras
Todos,Headline,Para subcontratas de obra
Todos,Headline,Diagnóstico de 30 minutos
Todos,Headline,Piloto en una obra real
Todos,Headline,Rovik · Obra digital
Todos,Headline,Firma del cliente en el móvil
Todos,Headline,"Cada hora pagada, cobrada"
Todos,Headline,Sin instalar apps
Todos,Headline,Control de fugas en euros
Todos,Description,El encargado rellena el parte en el móvil y el cliente lo firma. Sin papel ni retrasos.
Todos,Description,Calcula en 1 minuto cuántas horas pagas en obra y no facturas. Diagnóstico de 30 min.
Todos,Description,"Albaranes numerados, firmados y listos para el cierre de mes. Funciona sin cobertura."
Todos,Description,Primero probamos en una obra real y medimos la diferencia con tus propios partes.
Todos,Path1,construccion
Todos,Path2,albaranes
