Campaign,Ad Group,Keyword,Match Type,Final URL
Obra · Horas y albaranes,Partes de trabajo,app partes de trabajo obra,Exact,/constructoras/
Obra · Horas y albaranes,Partes de trabajo,app partes de trabajo,Phrase,/constructoras/
Obra · Horas y albaranes,Partes de trabajo,partes de trabajo digitales,Phrase,/constructoras/
Obra · Horas y albaranes,Partes de trabajo,parte diario de obra app,Phrase,/constructoras/
Obra · Horas y albaranes,Partes de trabajo,software partes de trabajo,Phrase,/constructoras/
Obra · Horas y albaranes,Partes de trabajo,partes de obra digital,Phrase,/constructoras/
Obra · Horas y albaranes,Albaranes digitales,albarán digital obra,Exact,/constructoras/
Obra · Horas y albaranes,Albaranes digitales,albaranes digitales construcción,Phrase,/constructoras/
Obra · Horas y albaranes,Albaranes digitales,app albaranes firma cliente,Phrase,/constructoras/
Obra · Horas y albaranes,Albaranes digitales,firmar albaranes en el móvil,Phrase,/constructoras/
Obra · Horas y albaranes,Albaranes digitales,albarán de horas,Phrase,/constructoras/
Obra · Horas y albaranes,Control de horas,control de horas obra,Phrase,/constructoras/
Obra · Horas y albaranes,Control de horas,control de horas subcontratas,Phrase,/constructoras/
Obra · Horas y albaranes,Control de horas,trabajos por administración obra,Phrase,/constructoras/
Obra · Horas y albaranes,Control de horas,horas no facturadas obra,Phrase,/constructoras/
Obra · Horas y albaranes,Control de horas,control de costes de obra app,Phrase,/constructoras/
