Campaign,Campaign Type,Campaign Daily Budget,Networks,Languages,Location,Bid Strategy Type,Max CPC bid limit,Ad Group,Ad Group Type,Keyword,Criterion Type,Final URL,Ad type,Path 1,Path 2,Headline 1,Headline 2,Headline 3,Headline 4,Headline 5,Headline 6,Headline 7,Headline 8,Headline 9,Description 1,Description 2,Description 3,Description 4,Headline 10
Tendencia Top · Búsqueda,Search,5.00,Google search,es,Spain,Maximize clicks,0.35,Básculas de cocina digitales,Standard,mejores básculas de cocina digitales,Phrase,https://rovik-ia.github.io/guias/mejores-basculas-de-cocina/,,,,,,,,,,,,,,,,,
Tendencia Top · Búsqueda,Search,5.00,Google search,es,Spain,Maximize clicks,0.35,Básculas de cocina digitales,Standard,top básculas de cocina digitales,Phrase,https://rovik-ia.github.io/guias/mejores-basculas-de-cocina/,,,,,,,,,,,,,,,,,
Tendencia Top · Búsqueda,Search,5.00,Google search,es,Spain,Maximize clicks,0.35,Básculas de cocina digitales,Standard,básculas de cocina digitales calidad precio,Phrase,https://rovik-ia.github.io/guias/mejores-basculas-de-cocina/,,,,,,,,,,,,,,,,,
Tendencia Top · Búsqueda,Search,5.00,Google search,es,Spain,Maximize clicks,0.35,Básculas de cocina digitales,Standard,comparativa básculas de cocina digitales,Phrase,https://rovik-ia.github.io/guias/mejores-basculas-de-cocina/,,,,,,,,,,,,,,,,,
Tendencia Top · Búsqueda,Search,5.00,Google search,es,Spain,Maximize clicks,0.35,Básculas de cocina digitales,Standard,básculas de cocina digitales 2026,Phrase,https://rovik-ia.github.io/guias/mejores-basculas-de-cocina/,,,,,,,,,,,,,,,,,
Tendencia Top · Búsqueda,Search,5.00,Google search,es,Spain,Maximize clicks,0.35,Básculas de cocina digitales,Standard,guía de compra básculas de cocina digitales,Phrase,https://rovik-ia.github.io/guias/mejores-basculas-de-cocina/,,,,,,,,,,,,,,,,,
Tendencia Top · Búsqueda,Search,5.00,Google search,es,Spain,Maximize clicks,0.35,Básculas de cocina digitales,Standard,básculas de cocina digitales opiniones,Phrase,https://rovik-ia.github.io/guias/mejores-basculas-de-cocina/,,,,,,,,,,,,,,,,,
Tendencia Top · Búsqueda,Search,5.00,Google search,es,Spain,Maximize clicks,0.35,Básculas de cocina digitales,Standard,cecotec básculas de cocina digitales,Phrase,https://rovik-ia.github.io/guias/mejores-basculas-de-cocina/,,,,,,,,,,,,,,,,,
Tendencia Top · Búsqueda,Search,5.00,Google search,es,Spain,Maximize clicks,0.35,Básculas de cocina digitales,Standard,tanita básculas de cocina digitales,Phrase,https://rovik-ia.github.io/guias/mejores-basculas-de-cocina/,,,,,,,,,,,,,,,,,
Tendencia Top · Búsqueda,Search,5.00,Google search,es,Spain,Maximize clicks,0.35,Básculas de cocina digitales,Standard,xiaomi básculas de cocina digitales,Phrase,https://rovik-ia.github.io/guias/mejores-basculas-de-cocina/,,,,,,,,,,,,,,,,,
Tendencia Top · Búsqueda,,,,,,,,Básculas de cocina digitales,,,,https://rovik-ia.github.io/guias/mejores-basculas-de-cocina/,Responsive search ad,guias,básculas,Mejores básculas de cocina di…,Básculas de cocina digitales…,Guía de compra clara,Comparativa sin humo,Qué básculas de cocina digita…,5 modelos que merecen la pena,Por presupuesto y uso,Precios orientativos,Pros y contras reales,"Guía para elegir báscula de cocina digital: qué precisión necesitas de verdad, qué capaci…","Criterios de elección, 5 modelos recomendados y para quién es cada uno.",Guía independiente en español. Sin listas infinitas ni jerga. Actualizada 2026.,Mejor en general: Cecotec Cook Control 9000 Waterproof. Lee la comparativa completa.,
Tendencia Top · Búsqueda,Search,5.00,Google search,es,Spain,Maximize clicks,0.35,Humidificadores,Standard,mejores humidificadores,Phrase,https://rovik-ia.github.io/guias/mejores-humidificadores/,,,,,,,,,,,,,,,,,
Tendencia Top · Búsqueda,Search,5.00,Google search,es,Spain,Maximize clicks,0.35,Humidificadores,Standard,top humidificadores,Phrase,https://rovik-ia.github.io/guias/mejores-humidificadores/,,,,,,,,,,,,,,,,,
Tendencia Top · Búsqueda,Search,5.00,Google search,es,Spain,Maximize clicks,0.35,Humidificadores,Standard,humidificadores calidad precio,Phrase,https://rovik-ia.github.io/guias/mejores-humidificadores/,,,,,,,,,,,,,,,,,
Tendencia Top · Búsqueda,Search,5.00,Google search,es,Spain,Maximize clicks,0.35,Humidificadores,Standard,comparativa humidificadores,Phrase,https://rovik-ia.github.io/guias/mejores-humidificadores/,,,,,,,,,,,,,,,,,
Tendencia Top · Búsqueda,Search,5.00,Google search,es,Spain,Maximize clicks,0.35,Humidificadores,Standard,humidificadores 2026,Phrase,https://rovik-ia.github.io/guias/mejores-humidificadores/,,,,,,,,,,,,,,,,,
Tendencia Top · Búsqueda,Search,5.00,Google search,es,Spain,Maximize clicks,0.35,Humidificadores,Standard,guía de compra humidificadores,Phrase,https://rovik-ia.github.io/guias/mejores-humidificadores/,,,,,,,,,,,,,,,,,
Tendencia Top · Búsqueda,Search,5.00,Google search,es,Spain,Maximize clicks,0.35,Humidificadores,Standard,humidificadores opiniones,Phrase,https://rovik-ia.github.io/guias/mejores-humidificadores/,,,,,,,,,,,,,,,,,
Tendencia Top · Búsqueda,Search,5.00,Google search,es,Spain,Maximize clicks,0.35,Humidificadores,Standard,levoit humidificadores,Phrase,https://rovik-ia.github.io/guias/mejores-humidificadores/,,,,,,,,,,,,,,,,,
Tendencia Top · Búsqueda,Search,5.00,Google search,es,Spain,Maximize clicks,0.35,Humidificadores,Standard,xiaomi humidificadores,Phrase,https://rovik-ia.github.io/guias/mejores-humidificadores/,,,,,,,,,,,,,,,,,
Tendencia Top · Búsqueda,Search,5.00,Google search,es,Spain,Maximize clicks,0.35,Humidificadores,Standard,rowenta humidificadores,Phrase,https://rovik-ia.github.io/guias/mejores-humidificadores/,,,,,,,,,,,,,,,,,
Tendencia Top · Búsqueda,,,,,,,,Humidificadores,,,,https://rovik-ia.github.io/guias/mejores-humidificadores/,Responsive search ad,guias,humidificadores,Mejores humidificadores,Humidificadores 2026,Guía de compra clara,Comparativa sin humo,Qué humidificadores comprar,5 modelos que merecen la pena,Por presupuesto y uso,Precios orientativos,Pros y contras reales,Guía para elegir humidificador: qué capacidad y tipo de niebla necesitas según la habitac…,"Criterios de elección, 5 modelos recomendados y para quién es cada uno.",Guía independiente en español. Sin listas infinitas ni jerga. Actualizada 2026.,Mejor en general: Levoit LV600S. Lee la comparativa completa.,Humidificadores calidad precio
Tendencia Top · Búsqueda,Search,5.00,Google search,es,Spain,Maximize clicks,0.35,Sillas de escritorio ergonómicas,Standard,mejores sillas de escritorio ergonómicas,Phrase,https://rovik-ia.github.io/guias/mejores-sillas-de-escritorio-ergonomicas/,,,,,,,,,,,,,,,,,
Tendencia Top · Búsqueda,Search,5.00,Google search,es,Spain,Maximize clicks,0.35,Sillas de escritorio ergonómicas,Standard,top sillas de escritorio ergonómicas,Phrase,https://rovik-ia.github.io/guias/mejores-sillas-de-escritorio-ergonomicas/,,,,,,,,,,,,,,,,,
Tendencia Top · Búsqueda,Search,5.00,Google search,es,Spain,Maximize clicks,0.35,Sillas de escritorio ergonómicas,Standard,sillas de escritorio ergonómicas calidad precio,Phrase,https://rovik-ia.github.io/guias/mejores-sillas-de-escritorio-ergonomicas/,,,,,,,,,,,,,,,,,
Tendencia Top · Búsqueda,Search,5.00,Google search,es,Spain,Maximize clicks,0.35,Sillas de escritorio ergonómicas,Standard,comparativa sillas de escritorio ergonómicas,Phrase,https://rovik-ia.github.io/guias/mejores-sillas-de-escritorio-ergonomicas/,,,,,,,,,,,,,,,,,
Tendencia Top · Búsqueda,Search,5.00,Google search,es,Spain,Maximize clicks,0.35,Sillas de escritorio ergonómicas,Standard,sillas de escritorio ergonómicas 2026,Phrase,https://rovik-ia.github.io/guias/mejores-sillas-de-escritorio-ergonomicas/,,,,,,,,,,,,,,,,,
Tendencia Top · Búsqueda,Search,5.00,Google search,es,Spain,Maximize clicks,0.35,Sillas de escritorio ergonómicas,Standard,guía de compra sillas de escritorio ergonómicas,Phrase,https://rovik-ia.github.io/guias/mejores-sillas-de-escritorio-ergonomicas/,,,,,,,,,,,,,,,,,
Tendencia Top · Búsqueda,Search,5.00,Google search,es,Spain,Maximize clicks,0.35,Sillas de escritorio ergonómicas,Standard,sillas de escritorio ergonómicas opiniones,Phrase,https://rovik-ia.github.io/guias/mejores-sillas-de-escritorio-ergonomicas/,,,,,,,,,,,,,,,,,
Tendencia Top · Búsqueda,Search,5.00,Google search,es,Spain,Maximize clicks,0.35,Sillas de escritorio ergonómicas,Standard,sihoo sillas de escritorio ergonómicas,Phrase,https://rovik-ia.github.io/guias/mejores-sillas-de-escritorio-ergonomicas/,,,,,,,,,,,,,,,,,
Tendencia Top · Búsqueda,Search,5.00,Google search,es,Spain,Maximize clicks,0.35,Sillas de escritorio ergonómicas,Standard,hbada sillas de escritorio ergonómicas,Phrase,https://rovik-ia.github.io/guias/mejores-sillas-de-escritorio-ergonomicas/,,,,,,,,,,,,,,,,,
Tendencia Top · Búsqueda,Search,5.00,Google search,es,Spain,Maximize clicks,0.35,Sillas de escritorio ergonómicas,Standard,intimate sillas de escritorio ergonómicas,Phrase,https://rovik-ia.github.io/guias/mejores-sillas-de-escritorio-ergonomicas/,,,,,,,,,,,,,,,,,
Tendencia Top · Búsqueda,,,,,,,,Sillas de escritorio ergonómicas,,,,https://rovik-ia.github.io/guias/mejores-sillas-de-escritorio-ergonomicas/,Responsive search ad,guias,sillas,Mejores sillas de escritorio…,Sillas de escritorio ergonómi…,Guía de compra clara,Comparativa sin humo,Qué sillas de escritorio ergo…,5 modelos que merecen la pena,Por presupuesto y uso,Precios orientativos,Pros y contras reales,"Guía para elegir silla de oficina ergonómica según horas de uso y presupuesto, con modelo…","Criterios de elección, 5 modelos recomendados y para quién es cada uno.",Guía independiente en español. Sin listas infinitas ni jerga. Actualizada 2026.,Mejor en general: Sihoo M18. Lee la comparativa completa.,
Tendencia Top · Búsqueda,Search,5.00,Google search,es,Spain,Maximize clicks,0.35,Calefactores de bajo consumo: cuál eleg…,Standard,mejores calefactores de bajo consumo: cuál elegir,Phrase,https://rovik-ia.github.io/guias/mejores-calefactores-bajo-consumo/,,,,,,,,,,,,,,,,,
Tendencia Top · Búsqueda,Search,5.00,Google search,es,Spain,Maximize clicks,0.35,Calefactores de bajo consumo: cuál eleg…,Standard,top calefactores de bajo consumo: cuál elegir,Phrase,https://rovik-ia.github.io/guias/mejores-calefactores-bajo-consumo/,,,,,,,,,,,,,,,,,
Tendencia Top · Búsqueda,Search,5.00,Google search,es,Spain,Maximize clicks,0.35,Calefactores de bajo consumo: cuál eleg…,Standard,calefactores de bajo consumo: cuál elegir calidad precio,Phrase,https://rovik-ia.github.io/guias/mejores-calefactores-bajo-consumo/,,,,,,,,,,,,,,,,,
Tendencia Top · Búsqueda,Search,5.00,Google search,es,Spain,Maximize clicks,0.35,Calefactores de bajo consumo: cuál eleg…,Standard,comparativa calefactores de bajo consumo: cuál elegir,Phrase,https://rovik-ia.github.io/guias/mejores-calefactores-bajo-consumo/,,,,,,,,,,,,,,,,,
Tendencia Top · Búsqueda,Search,5.00,Google search,es,Spain,Maximize clicks,0.35,Calefactores de bajo consumo: cuál eleg…,Standard,calefactores de bajo consumo: cuál elegir 2026,Phrase,https://rovik-ia.github.io/guias/mejores-calefactores-bajo-consumo/,,,,,,,,,,,,,,,,,
Tendencia Top · Búsqueda,Search,5.00,Google search,es,Spain,Maximize clicks,0.35,Calefactores de bajo consumo: cuál eleg…,Standard,guía de compra calefactores de bajo consumo: cuál elegir,Phrase,https://rovik-ia.github.io/guias/mejores-calefactores-bajo-consumo/,,,,,,,,,,,,,,,,,
Tendencia Top · Búsqueda,Search,5.00,Google search,es,Spain,Maximize clicks,0.35,Calefactores de bajo consumo: cuál eleg…,Standard,calefactores de bajo consumo: cuál elegir opiniones,Phrase,https://rovik-ia.github.io/guias/mejores-calefactores-bajo-consumo/,,,,,,,,,,,,,,,,,
Tendencia Top · Búsqueda,Search,5.00,Google search,es,Spain,Maximize clicks,0.35,Calefactores de bajo consumo: cuál eleg…,Standard,dreo calefactores de bajo consumo: cuál elegir,Phrase,https://rovik-ia.github.io/guias/mejores-calefactores-bajo-consumo/,,,,,,,,,,,,,,,,,
Tendencia Top · Búsqueda,Search,5.00,Google search,es,Spain,Maximize clicks,0.35,Calefactores de bajo consumo: cuál eleg…,Standard,klarstein calefactores de bajo consumo: cuál elegir,Phrase,https://rovik-ia.github.io/guias/mejores-calefactores-bajo-consumo/,,,,,,,,,,,,,,,,,
Tendencia Top · Búsqueda,Search,5.00,Google search,es,Spain,Maximize clicks,0.35,Calefactores de bajo consumo: cuál eleg…,Standard,rowenta calefactores de bajo consumo: cuál elegir,Phrase,https://rovik-ia.github.io/guias/mejores-calefactores-bajo-consumo/,,,,,,,,,,,,,,,,,
Tendencia Top · Búsqueda,,,,,,,,Calefactores de bajo consumo: cuál eleg…,,,,https://rovik-ia.github.io/guias/mejores-calefactores-bajo-consumo/,Responsive search ad,guias,calefactores,Mejores calefactores de bajo…,Calefactores de bajo consumo…,Guía de compra clara,Comparativa sin humo,Qué calefactores de bajo cons…,5 modelos que merecen la pena,Por presupuesto y uso,Precios orientativos,Pros y contras reales,"Cerámico, radiador de aceite o panel: explicamos qué tipo de calefactor consume menos seg…","Criterios de elección, 5 modelos recomendados y para quién es cada uno.",Guía independiente en español. Sin listas infinitas ni jerga. Actualizada 2026.,Calor rápido y compacto: Dreo calefactor cerámico. Lee la comparativa completa.,
Tendencia Top · Búsqueda,Search,5.00,Google search,es,Spain,Maximize clicks,0.35,Pistolas de masaje,Standard,mejores pistolas de masaje,Phrase,https://rovik-ia.github.io/guias/mejores-pistolas-de-masaje/,,,,,,,,,,,,,,,,,
Tendencia Top · Búsqueda,Search,5.00,Google search,es,Spain,Maximize clicks,0.35,Pistolas de masaje,Standard,top pistolas de masaje,Phrase,https://rovik-ia.github.io/guias/mejores-pistolas-de-masaje/,,,,,,,,,,,,,,,,,
Tendencia Top · Búsqueda,Search,5.00,Google search,es,Spain,Maximize clicks,0.35,Pistolas de masaje,Standard,pistolas de masaje calidad precio,Phrase,https://rovik-ia.github.io/guias/mejores-pistolas-de-masaje/,,,,,,,,,,,,,,,,,
Tendencia Top · Búsqueda,Search,5.00,Google search,es,Spain,Maximize clicks,0.35,Pistolas de masaje,Standard,comparativa pistolas de masaje,Phrase,https://rovik-ia.github.io/guias/mejores-pistolas-de-masaje/,,,,,,,,,,,,,,,,,
Tendencia Top · Búsqueda,Search,5.00,Google search,es,Spain,Maximize clicks,0.35,Pistolas de masaje,Standard,pistolas de masaje 2026,Phrase,https://rovik-ia.github.io/guias/mejores-pistolas-de-masaje/,,,,,,,,,,,,,,,,,
Tendencia Top · Búsqueda,Search,5.00,Google search,es,Spain,Maximize clicks,0.35,Pistolas de masaje,Standard,guía de compra pistolas de masaje,Phrase,https://rovik-ia.github.io/guias/mejores-pistolas-de-masaje/,,,,,,,,,,,,,,,,,
Tendencia Top · Búsqueda,Search,5.00,Google search,es,Spain,Maximize clicks,0.35,Pistolas de masaje,Standard,pistolas de masaje opiniones,Phrase,https://rovik-ia.github.io/guias/mejores-pistolas-de-masaje/,,,,,,,,,,,,,,,,,
Tendencia Top · Búsqueda,Search,5.00,Google search,es,Spain,Maximize clicks,0.35,Pistolas de masaje,Standard,renpho pistolas de masaje,Phrase,https://rovik-ia.github.io/guias/mejores-pistolas-de-masaje/,,,,,,,,,,,,,,,,,
Tendencia Top · Búsqueda,Search,5.00,Google search,es,Spain,Maximize clicks,0.35,Pistolas de masaje,Standard,hoposo pistolas de masaje,Phrase,https://rovik-ia.github.io/guias/mejores-pistolas-de-masaje/,,,,,,,,,,,,,,,,,
Tendencia Top · Búsqueda,Search,5.00,Google search,es,Spain,Maximize clicks,0.35,Pistolas de masaje,Standard,bob pistolas de masaje,Phrase,https://rovik-ia.github.io/guias/mejores-pistolas-de-masaje/,,,,,,,,,,,,,,,,,
Tendencia Top · Búsqueda,,,,,,,,Pistolas de masaje,,,,https://rovik-ia.github.io/guias/mejores-pistolas-de-masaje/,Responsive search ad,guias,pistolas,Mejores pistolas de masaje,Pistolas de masaje 2026,Guía de compra clara,Comparativa sin humo,Qué pistolas de masaje comprar,5 modelos que merecen la pena,Por presupuesto y uso,Precios orientativos,Pros y contras reales,"Comparamos las pistolas de masaje muscular más vendidas en España por potencia real, ruid…","Criterios de elección, 5 modelos recomendados y para quién es cada uno.",Guía independiente en español. Sin listas infinitas ni jerga. Actualizada 2026.,Mejor calidad-precio: RENPHO Active. Lee la comparativa completa.,Pistolas de masaje calidad pr…
Tendencia Top · Búsqueda,Search,5.00,Google search,es,Spain,Maximize clicks,0.35,Freidoras de aire,Standard,mejores freidoras de aire,Phrase,https://rovik-ia.github.io/guias/mejores-freidoras-de-aire/,,,,,,,,,,,,,,,,,
Tendencia Top · Búsqueda,Search,5.00,Google search,es,Spain,Maximize clicks,0.35,Freidoras de aire,Standard,top freidoras de aire,Phrase,https://rovik-ia.github.io/guias/mejores-freidoras-de-aire/,,,,,,,,,,,,,,,,,
Tendencia Top · Búsqueda,Search,5.00,Google search,es,Spain,Maximize clicks,0.35,Freidoras de aire,Standard,freidoras de aire calidad precio,Phrase,https://rovik-ia.github.io/guias/mejores-freidoras-de-aire/,,,,,,,,,,,,,,,,,
Tendencia Top · Búsqueda,Search,5.00,Google search,es,Spain,Maximize clicks,0.35,Freidoras de aire,Standard,comparativa freidoras de aire,Phrase,https://rovik-ia.github.io/guias/mejores-freidoras-de-aire/,,,,,,,,,,,,,,,,,
Tendencia Top · Búsqueda,Search,5.00,Google search,es,Spain,Maximize clicks,0.35,Freidoras de aire,Standard,freidoras de aire 2026,Phrase,https://rovik-ia.github.io/guias/mejores-freidoras-de-aire/,,,,,,,,,,,,,,,,,
Tendencia Top · Búsqueda,Search,5.00,Google search,es,Spain,Maximize clicks,0.35,Freidoras de aire,Standard,guía de compra freidoras de aire,Phrase,https://rovik-ia.github.io/guias/mejores-freidoras-de-aire/,,,,,,,,,,,,,,,,,
Tendencia Top · Búsqueda,Search,5.00,Google search,es,Spain,Maximize clicks,0.35,Freidoras de aire,Standard,freidoras de aire opiniones,Phrase,https://rovik-ia.github.io/guias/mejores-freidoras-de-aire/,,,,,,,,,,,,,,,,,
Tendencia Top · Búsqueda,Search,5.00,Google search,es,Spain,Maximize clicks,0.35,Freidoras de aire,Standard,cosori freidoras de aire,Phrase,https://rovik-ia.github.io/guias/mejores-freidoras-de-aire/,,,,,,,,,,,,,,,,,
Tendencia Top · Búsqueda,Search,5.00,Google search,es,Spain,Maximize clicks,0.35,Freidoras de aire,Standard,cecotec freidoras de aire,Phrase,https://rovik-ia.github.io/guias/mejores-freidoras-de-aire/,,,,,,,,,,,,,,,,,
Tendencia Top · Búsqueda,Search,5.00,Google search,es,Spain,Maximize clicks,0.35,Freidoras de aire,Standard,ninja freidoras de aire,Phrase,https://rovik-ia.github.io/guias/mejores-freidoras-de-aire/,,,,,,,,,,,,,,,,,
Tendencia Top · Búsqueda,,,,,,,,Freidoras de aire,,,,https://rovik-ia.github.io/guias/mejores-freidoras-de-aire/,Responsive search ad,guias,freidoras,Mejores freidoras de aire,Freidoras de aire 2026,Guía de compra clara,Comparativa sin humo,Qué freidoras de aire comprar,5 modelos que merecen la pena,Por presupuesto y uso,Precios orientativos,Pros y contras reales,"Guía práctica para elegir freidora de aire: qué capacidad necesitas, cuánto consume de ve…","Criterios de elección, 5 modelos recomendados y para quién es cada uno.",Guía independiente en español. Sin listas infinitas ni jerga. Actualizada 2026.,Mejor en general: Cosori TurboBlaze 6 L. Lee la comparativa completa.,Freidoras de aire calidad pre…
Tendencia Top · Búsqueda,Search,5.00,Google search,es,Spain,Maximize clicks,0.35,Robots aspiradores,Standard,mejores robots aspiradores,Phrase,https://rovik-ia.github.io/guias/mejores-robots-aspiradores-calidad-precio/,,,,,,,,,,,,,,,,,
Tendencia Top · Búsqueda,Search,5.00,Google search,es,Spain,Maximize clicks,0.35,Robots aspiradores,Standard,top robots aspiradores,Phrase,https://rovik-ia.github.io/guias/mejores-robots-aspiradores-calidad-precio/,,,,,,,,,,,,,,,,,
Tendencia Top · Búsqueda,Search,5.00,Google search,es,Spain,Maximize clicks,0.35,Robots aspiradores,Standard,robots aspiradores calidad precio,Phrase,https://rovik-ia.github.io/guias/mejores-robots-aspiradores-calidad-precio/,,,,,,,,,,,,,,,,,
Tendencia Top · Búsqueda,Search,5.00,Google search,es,Spain,Maximize clicks,0.35,Robots aspiradores,Standard,comparativa robots aspiradores,Phrase,https://rovik-ia.github.io/guias/mejores-robots-aspiradores-calidad-precio/,,,,,,,,,,,,,,,,,
Tendencia Top · Búsqueda,Search,5.00,Google search,es,Spain,Maximize clicks,0.35,Robots aspiradores,Standard,robots aspiradores 2026,Phrase,https://rovik-ia.github.io/guias/mejores-robots-aspiradores-calidad-precio/,,,,,,,,,,,,,,,,,
Tendencia Top · Búsqueda,Search,5.00,Google search,es,Spain,Maximize clicks,0.35,Robots aspiradores,Standard,guía de compra robots aspiradores,Phrase,https://rovik-ia.github.io/guias/mejores-robots-aspiradores-calidad-precio/,,,,,,,,,,,,,,,,,
Tendencia Top · Búsqueda,Search,5.00,Google search,es,Spain,Maximize clicks,0.35,Robots aspiradores,Standard,robots aspiradores opiniones,Phrase,https://rovik-ia.github.io/guias/mejores-robots-aspiradores-calidad-precio/,,,,,,,,,,,,,,,,,
Tendencia Top · Búsqueda,Search,5.00,Google search,es,Spain,Maximize clicks,0.35,Robots aspiradores,Standard,dreame robots aspiradores,Phrase,https://rovik-ia.github.io/guias/mejores-robots-aspiradores-calidad-precio/,,,,,,,,,,,,,,,,,
Tendencia Top · Búsqueda,Search,5.00,Google search,es,Spain,Maximize clicks,0.35,Robots aspiradores,Standard,xiaomi robots aspiradores,Phrase,https://rovik-ia.github.io/guias/mejores-robots-aspiradores-calidad-precio/,,,,,,,,,,,,,,,,,
Tendencia Top · Búsqueda,Search,5.00,Google search,es,Spain,Maximize clicks,0.35,Robots aspiradores,Standard,roborock robots aspiradores,Phrase,https://rovik-ia.github.io/guias/mejores-robots-aspiradores-calidad-precio/,,,,,,,,,,,,,,,,,
Tendencia Top · Búsqueda,,,,,,,,Robots aspiradores,,,,https://rovik-ia.github.io/guias/mejores-robots-aspiradores-calidad-precio/,Responsive search ad,guias,robots,Mejores robots aspiradores,Robots aspiradores 2026,Guía de compra clara,Comparativa sin humo,Qué robots aspiradores comprar,5 modelos que merecen la pena,Por presupuesto y uso,Precios orientativos,Pros y contras reales,"Qué robot aspirador comprar en 2026 según tu casa: navegación láser, potencia real, frega…","Criterios de elección, 5 modelos recomendados y para quién es cada uno.",Guía independiente en español. Sin listas infinitas ni jerga. Actualizada 2026.,Mejor calidad-precio: Dreame D10 Plus Gen 2. Lee la comparativa completa.,Robots aspiradores calidad pr…
Tendencia Top · Búsqueda,Search,5.00,Google search,es,Spain,Maximize clicks,0.35,Smartwatch,Standard,mejores smartwatch,Phrase,https://rovik-ia.github.io/guias/mejores-smartwatch-calidad-precio/,,,,,,,,,,,,,,,,,
Tendencia Top · Búsqueda,Search,5.00,Google search,es,Spain,Maximize clicks,0.35,Smartwatch,Standard,top smartwatch,Phrase,https://rovik-ia.github.io/guias/mejores-smartwatch-calidad-precio/,,,,,,,,,,,,,,,,,
Tendencia Top · Búsqueda,Search,5.00,Google search,es,Spain,Maximize clicks,0.35,Smartwatch,Standard,smartwatch calidad precio,Phrase,https://rovik-ia.github.io/guias/mejores-smartwatch-calidad-precio/,,,,,,,,,,,,,,,,,
Tendencia Top · Búsqueda,Search,5.00,Google search,es,Spain,Maximize clicks,0.35,Smartwatch,Standard,comparativa smartwatch,Phrase,https://rovik-ia.github.io/guias/mejores-smartwatch-calidad-precio/,,,,,,,,,,,,,,,,,
Tendencia Top · Búsqueda,Search,5.00,Google search,es,Spain,Maximize clicks,0.35,Smartwatch,Standard,smartwatch 2026,Phrase,https://rovik-ia.github.io/guias/mejores-smartwatch-calidad-precio/,,,,,,,,,,,,,,,,,
Tendencia Top · Búsqueda,Search,5.00,Google search,es,Spain,Maximize clicks,0.35,Smartwatch,Standard,guía de compra smartwatch,Phrase,https://rovik-ia.github.io/guias/mejores-smartwatch-calidad-precio/,,,,,,,,,,,,,,,,,
Tendencia Top · Búsqueda,Search,5.00,Google search,es,Spain,Maximize clicks,0.35,Smartwatch,Standard,smartwatch opiniones,Phrase,https://rovik-ia.github.io/guias/mejores-smartwatch-calidad-precio/,,,,,,,,,,,,,,,,,
Tendencia Top · Búsqueda,Search,5.00,Google search,es,Spain,Maximize clicks,0.35,Smartwatch,Standard,xiaomi smartwatch,Phrase,https://rovik-ia.github.io/guias/mejores-smartwatch-calidad-precio/,,,,,,,,,,,,,,,,,
Tendencia Top · Búsqueda,Search,5.00,Google search,es,Spain,Maximize clicks,0.35,Smartwatch,Standard,amazfit smartwatch,Phrase,https://rovik-ia.github.io/guias/mejores-smartwatch-calidad-precio/,,,,,,,,,,,,,,,,,
Tendencia Top · Búsqueda,Search,5.00,Google search,es,Spain,Maximize clicks,0.35,Smartwatch,Standard,samsung smartwatch,Phrase,https://rovik-ia.github.io/guias/mejores-smartwatch-calidad-precio/,,,,,,,,,,,,,,,,,
Tendencia Top · Búsqueda,,,,,,,,Smartwatch,,,,https://rovik-ia.github.io/guias/mejores-smartwatch-calidad-precio/,Responsive search ad,guias,smartwatch,Mejores smartwatch,Smartwatch 2026,Guía de compra clara,Comparativa sin humo,Qué smartwatch comprar,5 modelos que merecen la pena,Por presupuesto y uso,Precios orientativos,Pros y contras reales,Comparativa de relojes inteligentes por menos de 300 euros según tu móvil y lo que quiere…,"Criterios de elección, 5 modelos recomendados y para quién es cada uno.",Guía independiente en español. Sin listas infinitas ni jerga. Actualizada 2026.,Menos de 60 euros: Xiaomi Redmi Watch 5 Lite. Lee la comparativa completa.,Smartwatch calidad precio
Tendencia Top · Búsqueda,Search,5.00,Google search,es,Spain,Maximize clicks,0.35,Deshumidificadores,Standard,mejores deshumidificadores,Phrase,https://rovik-ia.github.io/guias/mejores-deshumidificadores/,,,,,,,,,,,,,,,,,
Tendencia Top · Búsqueda,Search,5.00,Google search,es,Spain,Maximize clicks,0.35,Deshumidificadores,Standard,top deshumidificadores,Phrase,https://rovik-ia.github.io/guias/mejores-deshumidificadores/,,,,,,,,,,,,,,,,,
Tendencia Top · Búsqueda,Search,5.00,Google search,es,Spain,Maximize clicks,0.35,Deshumidificadores,Standard,deshumidificadores calidad precio,Phrase,https://rovik-ia.github.io/guias/mejores-deshumidificadores/,,,,,,,,,,,,,,,,,
Tendencia Top · Búsqueda,Search,5.00,Google search,es,Spain,Maximize clicks,0.35,Deshumidificadores,Standard,comparativa deshumidificadores,Phrase,https://rovik-ia.github.io/guias/mejores-deshumidificadores/,,,,,,,,,,,,,,,,,
Tendencia Top · Búsqueda,Search,5.00,Google search,es,Spain,Maximize clicks,0.35,Deshumidificadores,Standard,deshumidificadores 2026,Phrase,https://rovik-ia.github.io/guias/mejores-deshumidificadores/,,,,,,,,,,,,,,,,,
Tendencia Top · Búsqueda,Search,5.00,Google search,es,Spain,Maximize clicks,0.35,Deshumidificadores,Standard,guía de compra deshumidificadores,Phrase,https://rovik-ia.github.io/guias/mejores-deshumidificadores/,,,,,,,,,,,,,,,,,
Tendencia Top · Búsqueda,Search,5.00,Google search,es,Spain,Maximize clicks,0.35,Deshumidificadores,Standard,deshumidificadores opiniones,Phrase,https://rovik-ia.github.io/guias/mejores-deshumidificadores/,,,,,,,,,,,,,,,,,
Tendencia Top · Búsqueda,Search,5.00,Google search,es,Spain,Maximize clicks,0.35,Deshumidificadores,Standard,cecotec deshumidificadores,Phrase,https://rovik-ia.github.io/guias/mejores-deshumidificadores/,,,,,,,,,,,,,,,,,
Tendencia Top · Búsqueda,Search,5.00,Google search,es,Spain,Maximize clicks,0.35,Deshumidificadores,Standard,pro deshumidificadores,Phrase,https://rovik-ia.github.io/guias/mejores-deshumidificadores/,,,,,,,,,,,,,,,,,
Tendencia Top · Búsqueda,Search,5.00,Google search,es,Spain,Maximize clicks,0.35,Deshumidificadores,Standard,colaze deshumidificadores,Phrase,https://rovik-ia.github.io/guias/mejores-deshumidificadores/,,,,,,,,,,,,,,,,,
Tendencia Top · Búsqueda,,,,,,,,Deshumidificadores,,,,https://rovik-ia.github.io/guias/mejores-deshumidificadores/,Responsive search ad,guias,deshumidificad…,Mejores deshumidificadores,Deshumidificadores 2026,Guía de compra clara,Comparativa sin humo,Qué deshumidificadores comprar,5 modelos que merecen la pena,Por presupuesto y uso,Precios orientativos,Pros y contras reales,"Cómo elegir deshumidificador para casa: capacidad real por habitación, ruido, consumo y d…","Criterios de elección, 5 modelos recomendados y para quién es cada uno.",Guía independiente en español. Sin listas infinitas ni jerga. Actualizada 2026.,Mejor en general: De'Longhi Tasciugo AriaDry DEX214F. Lee la comparativa completa.,Deshumidificadores calidad pr…
Tendencia Top · Búsqueda,Search,5.00,Google search,es,Spain,Maximize clicks,0.35,Mantas eléctricas,Standard,mejores mantas eléctricas,Phrase,https://rovik-ia.github.io/guias/mejores-mantas-electricas/,,,,,,,,,,,,,,,,,
Tendencia Top · Búsqueda,Search,5.00,Google search,es,Spain,Maximize clicks,0.35,Mantas eléctricas,Standard,top mantas eléctricas,Phrase,https://rovik-ia.github.io/guias/mejores-mantas-electricas/,,,,,,,,,,,,,,,,,
Tendencia Top · Búsqueda,Search,5.00,Google search,es,Spain,Maximize clicks,0.35,Mantas eléctricas,Standard,mantas eléctricas calidad precio,Phrase,https://rovik-ia.github.io/guias/mejores-mantas-electricas/,,,,,,,,,,,,,,,,,
Tendencia Top · Búsqueda,Search,5.00,Google search,es,Spain,Maximize clicks,0.35,Mantas eléctricas,Standard,comparativa mantas eléctricas,Phrase,https://rovik-ia.github.io/guias/mejores-mantas-electricas/,,,,,,,,,,,,,,,,,
Tendencia Top · Búsqueda,Search,5.00,Google search,es,Spain,Maximize clicks,0.35,Mantas eléctricas,Standard,mantas eléctricas 2026,Phrase,https://rovik-ia.github.io/guias/mejores-mantas-electricas/,,,,,,,,,,,,,,,,,
Tendencia Top · Búsqueda,Search,5.00,Google search,es,Spain,Maximize clicks,0.35,Mantas eléctricas,Standard,guía de compra mantas eléctricas,Phrase,https://rovik-ia.github.io/guias/mejores-mantas-electricas/,,,,,,,,,,,,,,,,,
Tendencia Top · Búsqueda,Search,5.00,Google search,es,Spain,Maximize clicks,0.35,Mantas eléctricas,Standard,mantas eléctricas opiniones,Phrase,https://rovik-ia.github.io/guias/mejores-mantas-electricas/,,,,,,,,,,,,,,,,,
Tendencia Top · Búsqueda,Search,5.00,Google search,es,Spain,Maximize clicks,0.35,Mantas eléctricas,Standard,imetec mantas eléctricas,Phrase,https://rovik-ia.github.io/guias/mejores-mantas-electricas/,,,,,,,,,,,,,,,,,
Tendencia Top · Búsqueda,Search,5.00,Google search,es,Spain,Maximize clicks,0.35,Mantas eléctricas,Standard,cecotec mantas eléctricas,Phrase,https://rovik-ia.github.io/guias/mejores-mantas-electricas/,,,,,,,,,,,,,,,,,
Tendencia Top · Búsqueda,Search,5.00,Google search,es,Spain,Maximize clicks,0.35,Mantas eléctricas,Standard,solac mantas eléctricas,Phrase,https://rovik-ia.github.io/guias/mejores-mantas-electricas/,,,,,,,,,,,,,,,,,
Tendencia Top · Búsqueda,,,,,,,,Mantas eléctricas,,,,https://rovik-ia.github.io/guias/mejores-mantas-electricas/,Responsive search ad,guias,mantas,Mejores mantas eléctricas,Mantas eléctricas 2026,Guía de compra clara,Comparativa sin humo,Qué mantas eléctricas comprar,5 modelos que merecen la pena,Por presupuesto y uso,Precios orientativos,Pros y contras reales,"Qué manta eléctrica comprar según uso, tamaño y seguridad, con el consumo real por noche…","Criterios de elección, 5 modelos recomendados y para quién es cada uno.",Guía independiente en español. Sin listas infinitas ni jerga. Actualizada 2026.,Mejor en general: Imetec Adapto. Lee la comparativa completa.,Mantas eléctricas calidad pre…
Tendencia Top · Búsqueda,Search,5.00,Google search,es,Spain,Maximize clicks,0.35,Auriculares inalámbricos por menos de 1…,Standard,mejores auriculares inalámbricos por menos de 100 euros,Phrase,https://rovik-ia.github.io/guias/mejores-auriculares-inalambricos-menos-100-euros/,,,,,,,,,,,,,,,,,
Tendencia Top · Búsqueda,Search,5.00,Google search,es,Spain,Maximize clicks,0.35,Auriculares inalámbricos por menos de 1…,Standard,top auriculares inalámbricos por menos de 100 euros,Phrase,https://rovik-ia.github.io/guias/mejores-auriculares-inalambricos-menos-100-euros/,,,,,,,,,,,,,,,,,
Tendencia Top · Búsqueda,Search,5.00,Google search,es,Spain,Maximize clicks,0.35,Auriculares inalámbricos por menos de 1…,Standard,auriculares inalámbricos por menos de 100 euros calidad precio,Phrase,https://rovik-ia.github.io/guias/mejores-auriculares-inalambricos-menos-100-euros/,,,,,,,,,,,,,,,,,
Tendencia Top · Búsqueda,Search,5.00,Google search,es,Spain,Maximize clicks,0.35,Auriculares inalámbricos por menos de 1…,Standard,comparativa auriculares inalámbricos por menos de 100 euros,Phrase,https://rovik-ia.github.io/guias/mejores-auriculares-inalambricos-menos-100-euros/,,,,,,,,,,,,,,,,,
Tendencia Top · Búsqueda,Search,5.00,Google search,es,Spain,Maximize clicks,0.35,Auriculares inalámbricos por menos de 1…,Standard,auriculares inalámbricos por menos de 100 euros 2026,Phrase,https://rovik-ia.github.io/guias/mejores-auriculares-inalambricos-menos-100-euros/,,,,,,,,,,,,,,,,,
Tendencia Top · Búsqueda,Search,5.00,Google search,es,Spain,Maximize clicks,0.35,Auriculares inalámbricos por menos de 1…,Standard,guía de compra auriculares inalámbricos por menos de 100 euros,Phrase,https://rovik-ia.github.io/guias/mejores-auriculares-inalambricos-menos-100-euros/,,,,,,,,,,,,,,,,,
Tendencia Top · Búsqueda,Search,5.00,Google search,es,Spain,Maximize clicks,0.35,Auriculares inalámbricos por menos de 1…,Standard,auriculares inalámbricos por menos de 100 euros opiniones,Phrase,https://rovik-ia.github.io/guias/mejores-auriculares-inalambricos-menos-100-euros/,,,,,,,,,,,,,,,,,
Tendencia Top · Búsqueda,Search,5.00,Google search,es,Spain,Maximize clicks,0.35,Auriculares inalámbricos por menos de 1…,Standard,nothing auriculares inalámbricos por menos de 100 euros,Phrase,https://rovik-ia.github.io/guias/mejores-auriculares-inalambricos-menos-100-euros/,,,,,,,,,,,,,,,,,
Tendencia Top · Búsqueda,Search,5.00,Google search,es,Spain,Maximize clicks,0.35,Auriculares inalámbricos por menos de 1…,Standard,xiaomi auriculares inalámbricos por menos de 100 euros,Phrase,https://rovik-ia.github.io/guias/mejores-auriculares-inalambricos-menos-100-euros/,,,,,,,,,,,,,,,,,
Tendencia Top · Búsqueda,Search,5.00,Google search,es,Spain,Maximize clicks,0.35,Auriculares inalámbricos por menos de 1…,Standard,soundcore auriculares inalámbricos por menos de 100 euros,Phrase,https://rovik-ia.github.io/guias/mejores-auriculares-inalambricos-menos-100-euros/,,,,,,,,,,,,,,,,,
Tendencia Top · Búsqueda,,,,,,,,Auriculares inalámbricos por menos de 1…,,,,https://rovik-ia.github.io/guias/mejores-auriculares-inalambricos-menos-100-euros/,Responsive search ad,guias,auriculares,Mejores auriculares inalámbri…,Auriculares inalámbricos por…,Guía de compra clara,Comparativa sin humo,Qué auriculares inalámbricos…,5 modelos que merecen la pena,Por presupuesto y uso,Precios orientativos,Pros y contras reales,Auriculares Bluetooth con cancelación de ruido y buen sonido sin pasar de 100 euros: Noth…,"Criterios de elección, 5 modelos recomendados y para quién es cada uno.",Guía independiente en español. Sin listas infinitas ni jerga. Actualizada 2026.,Mejor en general: Nothing Ear (a). Lee la comparativa completa.,
Tendencia Top · Búsqueda,Search,5.00,Google search,es,Spain,Maximize clicks,0.35,Purificadores de aire,Standard,mejores purificadores de aire,Phrase,https://rovik-ia.github.io/guias/mejores-purificadores-de-aire/,,,,,,,,,,,,,,,,,
Tendencia Top · Búsqueda,Search,5.00,Google search,es,Spain,Maximize clicks,0.35,Purificadores de aire,Standard,top purificadores de aire,Phrase,https://rovik-ia.github.io/guias/mejores-purificadores-de-aire/,,,,,,,,,,,,,,,,,
Tendencia Top · Búsqueda,Search,5.00,Google search,es,Spain,Maximize clicks,0.35,Purificadores de aire,Standard,purificadores de aire calidad precio,Phrase,https://rovik-ia.github.io/guias/mejores-purificadores-de-aire/,,,,,,,,,,,,,,,,,
Tendencia Top · Búsqueda,Search,5.00,Google search,es,Spain,Maximize clicks,0.35,Purificadores de aire,Standard,comparativa purificadores de aire,Phrase,https://rovik-ia.github.io/guias/mejores-purificadores-de-aire/,,,,,,,,,,,,,,,,,
Tendencia Top · Búsqueda,Search,5.00,Google search,es,Spain,Maximize clicks,0.35,Purificadores de aire,Standard,purificadores de aire 2026,Phrase,https://rovik-ia.github.io/guias/mejores-purificadores-de-aire/,,,,,,,,,,,,,,,,,
Tendencia Top · Búsqueda,Search,5.00,Google search,es,Spain,Maximize clicks,0.35,Purificadores de aire,Standard,guía de compra purificadores de aire,Phrase,https://rovik-ia.github.io/guias/mejores-purificadores-de-aire/,,,,,,,,,,,,,,,,,
Tendencia Top · Búsqueda,Search,5.00,Google search,es,Spain,Maximize clicks,0.35,Purificadores de aire,Standard,purificadores de aire opiniones,Phrase,https://rovik-ia.github.io/guias/mejores-purificadores-de-aire/,,,,,,,,,,,,,,,,,
Tendencia Top · Búsqueda,Search,5.00,Google search,es,Spain,Maximize clicks,0.35,Purificadores de aire,Standard,levoit purificadores de aire,Phrase,https://rovik-ia.github.io/guias/mejores-purificadores-de-aire/,,,,,,,,,,,,,,,,,
Tendencia Top · Búsqueda,Search,5.00,Google search,es,Spain,Maximize clicks,0.35,Purificadores de aire,Standard,aeg purificadores de aire,Phrase,https://rovik-ia.github.io/guias/mejores-purificadores-de-aire/,,,,,,,,,,,,,,,,,
Tendencia Top · Búsqueda,Search,5.00,Google search,es,Spain,Maximize clicks,0.35,Purificadores de aire,Standard,cecotec purificadores de aire,Phrase,https://rovik-ia.github.io/guias/mejores-purificadores-de-aire/,,,,,,,,,,,,,,,,,
Tendencia Top · Búsqueda,,,,,,,,Purificadores de aire,,,,https://rovik-ia.github.io/guias/mejores-purificadores-de-aire/,Responsive search ad,guias,purificadores,Mejores purificadores de aire,Purificadores de aire 2026,Guía de compra clara,Comparativa sin humo,Qué purificadores de aire com…,5 modelos que merecen la pena,Por presupuesto y uso,Precios orientativos,Pros y contras reales,"Cómo elegir purificador de aire con filtro HEPA según los metros de la estancia, con mode…","Criterios de elección, 5 modelos recomendados y para quién es cada uno.",Guía independiente en español. Sin listas infinitas ni jerga. Actualizada 2026.,Mejor en general: Levoit Core 300S. Lee la comparativa completa.,Purificadores de aire calidad…
Tendencia Top · Búsqueda,Search,5.00,Google search,es,Spain,Maximize clicks,0.35,Cepillos de dientes eléctricos,Standard,mejores cepillos de dientes eléctricos,Phrase,https://rovik-ia.github.io/guias/mejores-cepillos-de-dientes-electricos/,,,,,,,,,,,,,,,,,
Tendencia Top · Búsqueda,Search,5.00,Google search,es,Spain,Maximize clicks,0.35,Cepillos de dientes eléctricos,Standard,top cepillos de dientes eléctricos,Phrase,https://rovik-ia.github.io/guias/mejores-cepillos-de-dientes-electricos/,,,,,,,,,,,,,,,,,
Tendencia Top · Búsqueda,Search,5.00,Google search,es,Spain,Maximize clicks,0.35,Cepillos de dientes eléctricos,Standard,cepillos de dientes eléctricos calidad precio,Phrase,https://rovik-ia.github.io/guias/mejores-cepillos-de-dientes-electricos/,,,,,,,,,,,,,,,,,
Tendencia Top · Búsqueda,Search,5.00,Google search,es,Spain,Maximize clicks,0.35,Cepillos de dientes eléctricos,Standard,comparativa cepillos de dientes eléctricos,Phrase,https://rovik-ia.github.io/guias/mejores-cepillos-de-dientes-electricos/,,,,,,,,,,,,,,,,,
Tendencia Top · Búsqueda,Search,5.00,Google search,es,Spain,Maximize clicks,0.35,Cepillos de dientes eléctricos,Standard,cepillos de dientes eléctricos 2026,Phrase,https://rovik-ia.github.io/guias/mejores-cepillos-de-dientes-electricos/,,,,,,,,,,,,,,,,,
Tendencia Top · Búsqueda,Search,5.00,Google search,es,Spain,Maximize clicks,0.35,Cepillos de dientes eléctricos,Standard,guía de compra cepillos de dientes eléctricos,Phrase,https://rovik-ia.github.io/guias/mejores-cepillos-de-dientes-electricos/,,,,,,,,,,,,,,,,,
Tendencia Top · Búsqueda,Search,5.00,Google search,es,Spain,Maximize clicks,0.35,Cepillos de dientes eléctricos,Standard,cepillos de dientes eléctricos opiniones,Phrase,https://rovik-ia.github.io/guias/mejores-cepillos-de-dientes-electricos/,,,,,,,,,,,,,,,,,
Tendencia Top · Búsqueda,Search,5.00,Google search,es,Spain,Maximize clicks,0.35,Cepillos de dientes eléctricos,Standard,oral-b cepillos de dientes eléctricos,Phrase,https://rovik-ia.github.io/guias/mejores-cepillos-de-dientes-electricos/,,,,,,,,,,,,,,,,,
Tendencia Top · Búsqueda,Search,5.00,Google search,es,Spain,Maximize clicks,0.35,Cepillos de dientes eléctricos,Standard,philips cepillos de dientes eléctricos,Phrase,https://rovik-ia.github.io/guias/mejores-cepillos-de-dientes-electricos/,,,,,,,,,,,,,,,,,
Tendencia Top · Búsqueda,Search,5.00,Google search,es,Spain,Maximize clicks,0.35,Cepillos de dientes eléctricos,Standard,xiaomi cepillos de dientes eléctricos,Phrase,https://rovik-ia.github.io/guias/mejores-cepillos-de-dientes-electricos/,,,,,,,,,,,,,,,,,
Tendencia Top · Búsqueda,,,,,,,,Cepillos de dientes eléctricos,,,,https://rovik-ia.github.io/guias/mejores-cepillos-de-dientes-electricos/,Responsive search ad,guias,cepillos,Mejores cepillos de dientes e…,Cepillos de dientes eléctrico…,Guía de compra clara,Comparativa sin humo,Qué cepillos de dientes eléct…,5 modelos que merecen la pena,Por presupuesto y uso,Precios orientativos,Pros y contras reales,"Comparativa de cepillos eléctricos Oral-B, Philips Sonicare y Xiaomi por eficacia, sensor…","Criterios de elección, 5 modelos recomendados y para quién es cada uno.",Guía independiente en español. Sin listas infinitas ni jerga. Actualizada 2026.,Mejor calidad-precio: Oral-B Pro 3 3500. Lee la comparativa completa.,
